Book Title,Author,Price
'Bored of Lunch: The Healthy Air Fryer Book',Nathan Anthony,9.49
'Bored of Lunch: The Healthy Slow Cooker Book: THE NUMBER ONE BESTSELLER',Nathan Anthony,9.0
'Strong Female Character',Fern Brady,15.63
'The World According to Kaleb: THE SUNDAY TIMES BESTSELLER - worldly wisdom from the breakout star of Clarkson’s Farm',Kaleb Cooper,9.0
"'It Ends With Us: The emotional #1 Sunday Times bestseller (Lily & Atlas, 1)'",Colleen Hoover,4.5
'Atomic Habits: the life-changing million-copy #1 bestseller',James Clear,9.0
"'The Ultimate Air Fryer Cookbook: Quick, healthy, energy-saving recipes using UK measurements'",Clare Andrews,10.0
"'Thrown: THE SUNDAY TIMES BESTSELLING novel of friendship, heartbreak and pottery for beginners'",Sara Cox,6.74
"'Dr Rupy Cooks: Over 100 easy, healthy, flavourful recipes'",Dr Rupy Aujla,11.0
'The Keeper of Stories: The most charming and uplifting novel you will read this year!',Sally Page,3.0
"'Freezing Order: Vladimir Putin, Russian Money Laundering and Murder - A True Story'",Bill Browder,7.99
'Why Has Nobody Told Me This Before?: The No 1 Sunday Times Bestseller 2022',Dr Julie Smith,8.0
"'Spare: by Prince Harry, The Duke of Sussex'",Prince Harry The Duke of Sussex,14.0
"'Menopausing: The Sunday Times bestselling self-help guide for 2022 to help you care for yourself, cope with symptoms, and live your best life during menopause'",Davina McCall,11.0
"'The Boy, The Mole, The Fox and The Horse'",Charlie Mackesy,8.49
'Roald Dahl Collection 16 Books Box Set: Pakiet',Roald Dahl,34.45
'It Starts with Us: the highly anticipated sequel to IT ENDS WITH US',Colleen Hoover,7.0
'Pinch of Nom: Enjoy',Kay Allinson,10.0
'Verity: The thriller that will capture your heart and blow your mind',Colleen Hoover,4.5
'Stone Maidens',Lloyd Devereux Richards,8.99
"'The Fast 800 Keto Recipe Book: Delicious low-carb recipes, for rapid weight loss and long-term health: The Sunday Times Bestseller (The Fast 800 Series)'",Dr Clare Bailey,9.49
'The official highway code',Driver & Vehicle Standards Agency,4.99
'Follow the Money: How much does Britain cost?',Paul Johnson,19.29
'Lessons in Chemistry: The No. 1 Sunday Times bestseller and BBC Between the Covers Book Club pick',Bonnie Garmus,7.19
"'What’s For Dinner?: The Sunday Times Bestseller – Fuss-free family food in 30 minutes, the first cookbook from the Taming Twins food blog'",Sarah Rossi,10.0
"'Fitwaffle's Baked In One: 100 one-tin cakes, bakes and desserts from the social media sensation'",Eloise Head,11.0
"'8 Rules of Love: From Sunday Times No.1 bestselling author Jay Shetty, a new guide on how to find lasting love and enjoy healthy relationships'",Jay Shetty,10.0
'Where's Spidey?: A Marvel Spider-Man search & find book',Marvel Entertainment International Ltd,3.0
'Seven Husbands of Evelyn Hugo: The Sunday Times Bestseller',Taylor Jenkins Reid,4.5
"'Food for Life: The New Science of Eating Well, by the #1 bestselling author of SPOON-FED'",Tim Spector,10.0
'A Million Sloths: Super-Cute Creatures to Colour: 1 (A Million Creatures to Colour)',Lulu Mayo,4.95
'The Thursday Murder Club: (The Thursday Murder Club 1)',Richard Osman,1.96
'What I Wish People Knew About Dementia: From Someone Who Knows',Wendy Mitchell,7.99
'Daisy Jones and The Six: From the Sunday Times bestselling author of CARRIE SOTO IS BACK',Taylor Jenkins Reid,5.0
'Matilda: Special Edition',Roald Dahl,4.0
'Greg the Sausage Roll: Wish You Were Here: A LadBaby Book',Mark Hoyle,11.99
'Someone Else’s Shoes: The No 1 Sunday Times bestseller from the author of Me Before You and The Giver of Stars',Jojo Moyes,11.0
'Colonialism: A Moral Reckoning',Nigel Biggar,19.29
'You Choose Your Adventure: A World Book Day 2023 Mini Book',Pippa Goodhart,0.88
'Slimming Eats Made Simple: Delicious and easy recipes – 100+ under 500 calories: 2',Siobhan Wightman,10.0
'Lessons in Chemistry: The No. 1 Sunday Times bestseller and BBC Between the Covers Book Club pick',Bonnie Garmus,8.49
"'Young Forever: The Secrets to Living Your Longest, Healthiest Life'",Mark Hyman,14.19
'The Man Who Died Twice: (The Thursday Murder Club 2)',Richard Osman,4.5
"'The Salt Path: The 85-Week Sunday Times Bestseller from the Million-Copy Bestselling Author (Raynor Winn, 1)'",Raynor Winn,9.99
'Rich Dad Poor Dad: What the Rich Teach Their Kids About Money That the Poor and Middle Class Do Not!',Robert T. Kiyosaki,7.99
'How To Kill Your Family: THE #1 SUNDAY TIMES BESTSELLER',Bella Mackie,4.5
'The Bullet That Missed: (The Thursday Murder Club 3)',Richard Osman,10.0
'Time to Think: The Inside Story of the Collapse of the Tavistock’s Gender Service for Children',Hannah Barnes,16.3
'Me vs Brain: An Overthinker’s Guide to Life',Hayley Morris,14.99
'Fleishman Is in Trouble: Soon to be a major TV series starring Claire Danes & Jesse Eisenberg',Taffy Brodesser-Akner,6.99
"'My Husband's Killer: The emotional, twisty new mystery from the #1 bestselling author of Friend Request'",Laura Marshall,7.32
'Kay's Brilliant Brains: A World Book Day 2023 Mini Book',Adam Kay,1.0
'Never Never: TikTok made me buy it! The romantic thriller from BookTok sensation and Sunday Times bestselling author of It Ends with Us and New York Times bestselling author of The Wives',Colleen Hoover,4.49
'Minecraft Annual 2023: The best new official children’s gaming annual of 2022 – perfect for kids into video games!',Mojang AB,1.69
"'The Body Keeps the Score: Mind, Brain and Body in the Transformation of Trauma'",Bessel van der Kolk,11.95
'Ugly Love: a novel',Colleen Hoover,4.5
'Diddly Squat: ‘Til The Cows Come Home: The No 1 Sunday Times Bestseller 2022',Jeremy Clarkson,10.0
'Roald Dahl 15 Book Box Set Collection',Roald Dahl,35.75
'The Paper Palace: The No.1 New York Times Bestseller and Reese Witherspoon Bookclub Pick',Miranda Cowley Heller,5.0
"'A Good Girl's Guide to Murder: TikTok made me buy it! The first book in the bestselling thriller trilogy, as seen in Netflix’s Heartstopper! (A Good Girl’s Guide to Murder, Book 1)'",Holly Jackson,4.0
'Mr Men Little Miss Pancake Day: The perfect illustrated children’s book to celebrate Pancake Day! (Mr. Men and Little Miss Picture Books)',Adam Hargreaves,4.5
'A Million Ways to Stay on the Run: The uncut story of the international manhunt for public enemy no.1 Kenny Noye',Donal MacIntyre,6.99
"'My Husband's Killer: The emotional, twisty new mystery from the #1 bestselling author of Friend Request'",Laura Marshall,14.99
'The Very Hungry Caterpillar [Board Book]: Eric Carle',Eric Carle,5.03
'The Midnight Library: The No.1 Sunday Times bestseller and worldwide phenomenon',Matt Haig,4.5
"'Diabetic Air Fryer Cookbook for Beginners: 1900 Days Quick, Crispy and Healthy Diabetic Friendly Recipes to Take Care of Your Well-Being without Sacrificing Taste | 28-Day Meal Plan for Balanced Meals'",Amanda Ray,3.25
'Girl in Pieces: TikTok made me buy it!',Kathleen Glasgow,5.5
'Bluey: Where's Bluey?: A Search-and-Find Book',Bluey,4.5
'Otherlands: A World in the Making - A Sunday Times bestseller',Dr Thomas Halliday,9.49
"'The Silent Patient: The record-breaking, multimillion copy Sunday Times bestselling thriller and TikTok sensation'",Alex Michaelides,5.99
"'The Chimp Paradox: The Mind Management Programme to Help You Achieve Success, Confidence and Happiness: The Acclaimed Mind Management Programme to Help You Achieve Success, Confidence and Happiness'",Professor Steve Peters,12.49
'Dolly’s Dream: The compelling and heartwarming new novel for 2023 from the No.1 Sunday Times bestseller: Book 6 (The Rockwood Chronicles)',Dilly Court,4.49
'Manifest: The Sunday Times Bestseller',Roxie Nafousi,13.0
'One: Simple One-Pan Wonders',Jamie Oliver,13.0
'The Murders at Fleat House: Lucinda Riley',Lucinda Riley,4.5
'Icebreaker',Hannah Grace,4.5
"'No More Nappies: A Potty-Training Book (Campbell Big Steps, 2)'",Campbell Books,5.99
'Still Life: The instant Sunday Times bestseller and BBC Between the Covers Book Club pick',Sarah Winman,7.49
'The 8-Week Blood Sugar Diet: Lose weight fast and reprogramme your body (The Fast 800 series)',Michael Mosley,6.49
'Zog',Julia Donaldson,4.0
"'Good Girl, Bad Blood - The Sunday Times Bestseller: TikTok made me buy it! The Sunday Times Bestseller and sequel to A Good Girl's Guide to Murder: Book 2'",Holly Jackson,4.0
'Closer to Love: How to Attract the Right Relationships and Deepen Your Connections',Vex King,11.99
'First Dinosaur Encyclopedia: A First Reference Book for Children (DK First Reference)',DK,4.99
'The Dead of Winter: The chilling new thriller from the No. 1 Sunday Times bestselling author of the Logan McRae series',Stuart MacBride,10.0
'RecipeTin Eats: Dinner: 150 recipes from Australia's favourite cook',Nagi Maehashi,20.0
"'The Garnett Girls: The sweeping new debut novel and family drama of 2023 that everyone is falling in love with, for fans of Taylor Jenkins Reid'",Georgina Moore,7.49
"'Air-Fryer Cookbook (THE SUNDAY TIMES BESTSELLER): Quick, healthy and delicious recipes for beginners'",Jenny Tschiesche,10.98
"'The 2023 UK Air Fryer Cookbook for Beginners: Delicious, Healthy & Budget-Friendly Recipes Including Dinners, Sides, Snacks, Lunches & More (European Measurements & UK Ingredients)'",Victoria Anderson,4.99
'The 6:20 Man',David Baldacci,4.49
'Guinness World Records 2023',Guinness World Records,5.0
'A Path through the Jungle: Psychological Health and Wellbeing Programme to Develop Robustness and Resilience (A Psychological Health and Wellbeing Programme to Develop Robustness and Resilience)',Professor Steve Peters,9.99
'The Hairy Bikers Eat to Beat Type 2 Diabetes: 80 delicious & filling recipes to get your health back on track',Hairy Bikers,8.0
'Billy's Bravery: A brand new Big Bright Feelings picture book exclusive for World Book Day',Tom Percival,1.0
"'Ninja Dual Zone Air Fryer Cookbook for Beginners: 1600 Days Super-easy, Yummy and Affordable Home Cook Recipes for Beginners and Advanced Users'",Cerys Ingram,11.68
'Diddly Squat: The No 1 Sunday Times Bestseller',Jeremy Clarkson,6.99
'The Smeds and the Smoos',Julia Donaldson,4.0
"'Failure: What Jesus Said About Sin, Mistakes and Messing Stuff Up: The Archbishop of Canterbury's Lent Book 2023'",Rt Revd Dr Emma Ineson,10.11
'DIRTY LAUNDRY: Why adults with ADHD are so ashamed and what we can do to help',Mr Richard Pink,13.99
'12 Rules for Life: An Antidote to Chaos',Jordan B. Peterson,10.11
'Easy Peasy Puppy Squeezy: The UK's No.1 Dog Training Book',Steve Mann,4.0
