"'My Husband's Killer: The emotional, twisty new mystery from the #1 bestselling author of Friend Request'",Laura Marshall,7.32
'Kay's Brilliant Brains: A World Book Day 2023 Mini Book',Adam Kay,1.00
'Never Never: TikTok made me buy it! The romantic thriller from BookTok sensation and Sunday Times bestselling author of It Ends with Us and New York Times bestselling author of The Wives',Colleen Hoover,4.49
'Minecraft Annual 2023: The best new official children’s gaming annual of 2022 – perfect for kids into video games!',Mojang AB,1.69
"'The Body Keeps the Score: Mind, Brain and Body in the Transformation of Trauma'",Bessel van der Kolk,11.95
'Ugly Love: a novel',Colleen Hoover,4.50
'Diddly Squat: ‘Til The Cows Come Home: The No 1 Sunday Times Bestseller 2022',Jeremy Clarkson,10.00
'Roald Dahl 15 Book Box Set Collection',Roald Dahl,35.75
'The Paper Palace: The No.1 New York Times Bestseller and Reese Witherspoon Bookclub Pick',Miranda Cowley Heller,5.00
"'A Good Girl's Guide to Murder: TikTok made me buy it! The first book in the bestselling thriller trilogy, as seen in Netflix’s Heartstopper! (A Good Girl’s Guide to Murder, Book 1)'",Holly Jackson,4.00
'Mr Men Little Miss Pancake Day: The perfect illustrated children’s book to celebrate Pancake Day! (Mr. Men and Little Miss Picture Books)',Adam Hargreaves,4.50
'A Million Ways to Stay on the Run: The uncut story of the international manhunt for public enemy no.1 Kenny Noye',Donal MacIntyre,6.99
"'My Husband's Killer: The emotional, twisty new mystery from the #1 bestselling author of Friend Request'",Laura Marshall,14.99
'The Very Hungry Caterpillar [Board Book]: Eric Carle',Eric Carle,5.03
'The Midnight Library: The No.1 Sunday Times bestseller and worldwide phenomenon',Matt Haig,4.50
"'Diabetic Air Fryer Cookbook for Beginners: 1900 Days Quick, Crispy and Healthy Diabetic Friendly Recipes to Take Care of Your Well-Being without Sacrificing Taste | 28-Day Meal Plan for Balanced Meals'",Amanda Ray,3.25
'Girl in Pieces: TikTok made me buy it!',Kathleen Glasgow,5.50
'Bluey: Where's Bluey?: A Search-and-Find Book',Bluey,4.50
'Otherlands: A World in the Making - A Sunday Times bestseller',Dr Thomas Halliday,9.49
"'The Silent Patient: The record-breaking, multimillion copy Sunday Times bestselling thriller and TikTok sensation'",Alex Michaelides,5.99
"'The Chimp Paradox: The Mind Management Programme to Help You Achieve Success, Confidence and Happiness: The Acclaimed Mind Management Programme to Help You Achieve Success, Confidence and Happiness'",Professor Steve Peters,12.49
'Dolly’s Dream: The compelling and heartwarming new novel for 2023 from the No.1 Sunday Times bestseller: Book 6 (The Rockwood Chronicles)',Dilly Court,4.49
'Manifest: The Sunday Times Bestseller',Roxie Nafousi,13.00
'One: Simple One-Pan Wonders',Jamie Oliver,13.00
'The Murders at Fleat House: Lucinda Riley',Lucinda Riley,4.50
'Icebreaker',Hannah Grace,4.50
"'No More Nappies: A Potty-Training Book (Campbell Big Steps, 2)'",Campbell Books,5.99
'Still Life: The instant Sunday Times bestseller and BBC Between the Covers Book Club pick',Sarah Winman,7.49
'The 8-Week Blood Sugar Diet: Lose weight fast and reprogramme your body (The Fast 800 series)',Michael Mosley,6.49
'Zog',Julia Donaldson,4.00
"'Good Girl, Bad Blood - The Sunday Times Bestseller: TikTok made me buy it! The Sunday Times Bestseller and sequel to A Good Girl's Guide to Murder: Book 2'",Holly Jackson,4.00
'Closer to Love: How to Attract the Right Relationships and Deepen Your Connections',Vex King,11.99
'First Dinosaur Encyclopedia: A First Reference Book for Children (DK First Reference)',DK,4.99
'The Dead of Winter: The chilling new thriller from the No. 1 Sunday Times bestselling author of the Logan McRae series',Stuart MacBride,10.00
'RecipeTin Eats: Dinner: 150 recipes from Australia's favourite cook',Nagi Maehashi,20.00
"'The Garnett Girls: The sweeping new debut novel and family drama of 2023 that everyone is falling in love with, for fans of Taylor Jenkins Reid'",Georgina Moore,7.49
"'Air-Fryer Cookbook (THE SUNDAY TIMES BESTSELLER): Quick, healthy and delicious recipes for beginners'",Jenny Tschiesche,10.98
"'The 2023 UK Air Fryer Cookbook for Beginners: Delicious, Healthy & Budget-Friendly Recipes Including Dinners, Sides, Snacks, Lunches & More (European Measurements & UK Ingredients)'",Victoria Anderson,4.99
'The 6:20 Man',David Baldacci,4.49
'Guinness World Records 2023',Guinness World Records,5.00
'A Path through the Jungle: Psychological Health and Wellbeing Programme to Develop Robustness and Resilience (A Psychological Health and Wellbeing Programme to Develop Robustness and Resilience)',Professor Steve Peters,9.99
'The Hairy Bikers Eat to Beat Type 2 Diabetes: 80 delicious & filling recipes to get your health back on track',Hairy Bikers,8.00
'Billy's Bravery: A brand new Big Bright Feelings picture book exclusive for World Book Day',Tom Percival,1.00
"'Ninja Dual Zone Air Fryer Cookbook for Beginners: 1600 Days Super-easy, Yummy and Affordable Home Cook Recipes for Beginners and Advanced Users'",Cerys Ingram,11.68
'Diddly Squat: The No 1 Sunday Times Bestseller',Jeremy Clarkson,6.99
'The Smeds and the Smoos',Julia Donaldson,4.00
"'Failure: What Jesus Said About Sin, Mistakes and Messing Stuff Up: The Archbishop of Canterbury's Lent Book 2023'",Rt Revd Dr Emma Ineson,10.11
'DIRTY LAUNDRY: Why adults with ADHD are so ashamed and what we can do to help',Mr Richard Pink,13.99
'12 Rules for Life: An Antidote to Chaos',Jordan B. Peterson,10.11
'Easy Peasy Puppy Squeezy: The UK's No.1 Dog Training Book',Steve Mann,4.00
