'Bored of Lunch: The Healthy Air Fryer Book',Nathan Anthony,9.49
'Bored of Lunch: The Healthy Slow Cooker Book: THE NUMBER ONE BESTSELLER',Nathan Anthony,9.00
'Strong Female Character',Fern Brady,15.63
'The World According to Kaleb: THE SUNDAY TIMES BESTSELLER - worldly wisdom from the breakout star of Clarkson’s Farm',Kaleb Cooper,9.00
"'It Ends With Us: The emotional #1 Sunday Times bestseller (Lily & Atlas, 1)'",Colleen Hoover,4.50
'Atomic Habits: the life-changing million-copy #1 bestseller',James Clear,9.00
"'The Ultimate Air Fryer Cookbook: Quick, healthy, energy-saving recipes using UK measurements'",Clare Andrews,10.00
"'Thrown: THE SUNDAY TIMES BESTSELLING novel of friendship, heartbreak and pottery for beginners'",Sara Cox,6.74
"'Dr Rupy Cooks: Over 100 easy, healthy, flavourful recipes'",Dr Rupy Aujla,11.00
'The Keeper of Stories: The most charming and uplifting novel you will read this year!',Sally Page,3.00
"'Freezing Order: Vladimir Putin, Russian Money Laundering and Murder - A True Story'",Bill Browder,7.99
'Why Has Nobody Told Me This Before?: The No 1 Sunday Times Bestseller 2022',Dr Julie Smith,8.00
"'Spare: by Prince Harry, The Duke of Sussex'",Prince Harry The Duke of Sussex,14.00
"'Menopausing: The Sunday Times bestselling self-help guide for 2022 to help you care for yourself, cope with symptoms, and live your best life during menopause'",Davina McCall,11.00
"'The Boy, The Mole, The Fox and The Horse'",Charlie Mackesy,8.49
'Roald Dahl Collection 16 Books Box Set: Pakiet',Roald Dahl,34.45
'It Starts with Us: the highly anticipated sequel to IT ENDS WITH US',Colleen Hoover,7.00
'Pinch of Nom: Enjoy',Kay Allinson,10.00
'Verity: The thriller that will capture your heart and blow your mind',Colleen Hoover,4.50
'Stone Maidens',Lloyd Devereux Richards,8.99
"'The Fast 800 Keto Recipe Book: Delicious low-carb recipes, for rapid weight loss and long-term health: The Sunday Times Bestseller (The Fast 800 Series)'",Dr Clare Bailey,9.49
'The official highway code',Driver & Vehicle Standards Agency,4.99
'Follow the Money: How much does Britain cost?',Paul Johnson,19.29
'Lessons in Chemistry: The No. 1 Sunday Times bestseller and BBC Between the Covers Book Club pick',Bonnie Garmus,7.19
"'What’s For Dinner?: The Sunday Times Bestseller – Fuss-free family food in 30 minutes, the first cookbook from the Taming Twins food blog'",Sarah Rossi,10.00
"'Fitwaffle's Baked In One: 100 one-tin cakes, bakes and desserts from the social media sensation'",Eloise Head,11.00
"'8 Rules of Love: From Sunday Times No.1 bestselling author Jay Shetty, a new guide on how to find lasting love and enjoy healthy relationships'",Jay Shetty,10.00
'Where's Spidey?: A Marvel Spider-Man search & find book',Marvel Entertainment International Ltd,3.00
'Seven Husbands of Evelyn Hugo: The Sunday Times Bestseller',Taylor Jenkins Reid,4.50
"'Food for Life: The New Science of Eating Well, by the #1 bestselling author of SPOON-FED'",Tim Spector,10.00
'A Million Sloths: Super-Cute Creatures to Colour: 1 (A Million Creatures to Colour)',Lulu Mayo,4.95
'The Thursday Murder Club: (The Thursday Murder Club 1)',Richard Osman,1.96
'What I Wish People Knew About Dementia: From Someone Who Knows',Wendy Mitchell,7.99
'Daisy Jones and The Six: From the Sunday Times bestselling author of CARRIE SOTO IS BACK',Taylor Jenkins Reid,5.00
'Matilda: Special Edition',Roald Dahl,4.00
'Greg the Sausage Roll: Wish You Were Here: A LadBaby Book',Mark Hoyle,11.99
'Someone Else’s Shoes: The No 1 Sunday Times bestseller from the author of Me Before You and The Giver of Stars',Jojo Moyes,11.00
'Colonialism: A Moral Reckoning',Nigel Biggar,19.29
'You Choose Your Adventure: A World Book Day 2023 Mini Book',Pippa Goodhart,0.88
'Slimming Eats Made Simple: Delicious and easy recipes – 100+ under 500 calories: 2',Siobhan Wightman,10.00
'Lessons in Chemistry: The No. 1 Sunday Times bestseller and BBC Between the Covers Book Club pick',Bonnie Garmus,8.49
"'Young Forever: The Secrets to Living Your Longest, Healthiest Life'",Mark Hyman,14.19
'The Man Who Died Twice: (The Thursday Murder Club 2)',Richard Osman,4.50
"'The Salt Path: The 85-Week Sunday Times Bestseller from the Million-Copy Bestselling Author (Raynor Winn, 1)'",Raynor Winn,9.99
'Rich Dad Poor Dad: What the Rich Teach Their Kids About Money That the Poor and Middle Class Do Not!',Robert T. Kiyosaki,7.99
'How To Kill Your Family: THE #1 SUNDAY TIMES BESTSELLER',Bella Mackie,4.50
'The Bullet That Missed: (The Thursday Murder Club 3)',Richard Osman,10.00
'Time to Think: The Inside Story of the Collapse of the Tavistock’s Gender Service for Children',Hannah Barnes,16.30
'Me vs Brain: An Overthinker’s Guide to Life',Hayley Morris,14.99
'Fleishman Is in Trouble: Soon to be a major TV series starring Claire Danes & Jesse Eisenberg',Taffy Brodesser-Akner,6.99
